{
  "kind": "collectionType",
  "collectionName": "products",
  "info": {
    "singularName": "product",
    "pluralName": "products",
    "displayName": "Product"
  },
  "options": {
    "draftAndPublish": true
  },
  "pluginOptions": {},
  "attributes": {
    "title": {
      "type": "string",
      "required": true
    },
    "slug": {
      "type": "uid",
      "targetField": "title"
    },
    "description": {
      "type": "richtext"
    },
    "price": {
      "type": "decimal"
    },
    "qty": {
      "type": "integer"
    },
    "image": {
      "allowedTypes": [
        "images"
      ],
      "type": "media",
      "multiple": true
    },
    "is_featured": {
      "type": "boolean"
    },
    "category": {
      "type": "relation",
      "relation": "oneToOne",
      "target": "api::category.category"
    },
    "users": {
      "type": "relation",
      "relation": "manyToOne",
      "target": "plugin::users-permissions.user",
      "inversedBy": "products"
    }
  }
}
